<?xml version="1.0" encoding="UTF-8"?><?xml-stylesheet type='text/xsl' href='_UpgradeReport_Files/UpgradeReport.xslt'?><UpgradeLog>
<Properties><Property Name="Solution" Value="Programs">
</Property><Property Name="Solution File" Value="E:\phong\Ncs\Src\RBO\Tr\PhongPD_Waited_fitness_sfi1\Programs.sln">
</Property><Property Name="Date" Value="Saturday, February 18, 2012">
</Property><Property Name="Time" Value="1:21 AM">
</Property></Properties><Event ErrorLevel="0" Project="HA" Source="Programs\HA.csproj" Description="Project converted successfully">
</Event><Event ErrorLevel="3" Project="HA" Source="Programs\HA.csproj" Description="Converted">
</Event><Event ErrorLevel="0" Project="UI" Source="UI\UI.csproj" Description="Project converted successfully">
</Event><Event ErrorLevel="3" Project="UI" Source="UI\UI.csproj" Description="Converted">
</Event><Event ErrorLevel="0" Project="GA" Source="GA\GA.csproj" Description="Project converted successfully">
</Event><Event ErrorLevel="3" Project="GA" Source="GA\GA.csproj" Description="Converted">
</Event><Event ErrorLevel="0" Project="Data" Source="IOFile\Data.csproj" Description="Project converted successfully">
</Event><Event ErrorLevel="3" Project="Data" Source="IOFile\Data.csproj" Description="Converted">
</Event><Event ErrorLevel="0" Project="BuildingFuzzyRulesSystem" Source="BuildingFuzzyRulesSystem\BuildingFuzzyRulesSystem.csproj" Description="Project converted successfully">
</Event><Event ErrorLevel="3" Project="BuildingFuzzyRulesSystem" Source="BuildingFuzzyRulesSystem\BuildingFuzzyRulesSystem.csproj" Description="Converted">
</Event><Event ErrorLevel="0" Project="Common" Source="Common\Common.csproj" Description="Project converted successfully">
</Event><Event ErrorLevel="3" Project="Common" Source="Common\Common.csproj" Description="Converted">
</Event><Event ErrorLevel="0" Project="PSO" Source="PSO\PSO.csproj" Description="Project converted successfully">
</Event><Event ErrorLevel="3" Project="PSO" Source="PSO\PSO.csproj" Description="Converted">
</Event><Event ErrorLevel="0" Project="" Source="Programs.sln" Description="Solution converted successfully">
</Event><Event ErrorLevel="3" Project="" Source="Programs.sln" Description="Converted">
</Event><Event ErrorLevel="0" Project="HA" Source="Programs\HA.csproj" Description="Scan complete: Upgrade not required for project files.">
</Event><Event ErrorLevel="0" Project="UI" Source="UI\UI.csproj" Description="Scan complete: Upgrade not required for project files.">
</Event><Event ErrorLevel="0" Project="GA" Source="GA\GA.csproj" Description="Scan complete: Upgrade not required for project files.">
</Event><Event ErrorLevel="0" Project="Data" Source="IOFile\Data.csproj" Description="Scan complete: Upgrade not required for project files.">
</Event><Event ErrorLevel="0" Project="BuildingFuzzyRulesSystem" Source="BuildingFuzzyRulesSystem\BuildingFuzzyRulesSystem.csproj" Description="Scan complete: Upgrade not required for project files.">
</Event><Event ErrorLevel="0" Project="Common" Source="Common\Common.csproj" Description="Scan complete: Upgrade not required for project files.">
</Event><Event ErrorLevel="0" Project="PSO" Source="PSO\PSO.csproj" Description="Scan complete: Upgrade not required for project files.">
</Event></UpgradeLog>